type,LQR
Q,10,10,1,1
R,1
Eigenvalue,0.6515+0j,0.990164+0j,0.943999+0.0121003j,0.943999+-0.0121003j
Gain,94.0521,15.2469,0.781273,1.22702
time,elapsed_time,theta_p,theta_p_dot,theta_w,theta_w_dot,theta_p_kf,theta_p_dot_kf,theta_w_kf,theta_w_dot_kf,log_motor_value,log_motor_direction,log_pwm_duty
1740907623.051,0.00260,-0.08870,0.00046,0.00000,0.00000,-0.06129,0.00027,0.00000,0.00000,-3.30000,2,66.00000
1740907623.062,0.01377,-0.08271,0.01971,0.00000,0.00000,-0.06685,-0.01025,0.00004,0.01408,-3.30000,2,66.00000
1740907623.072,0.02345,-0.09651,-0.02129,0.00000,0.00000,-0.08897,0.08892,-0.00387,-1.18395,-3.30000,2,66.00000
1740907623.082,0.03410,-0.11827,0.21370,-0.01570,-1.57000,-0.09478,0.21742,-0.01991,-2.31645,-3.30000,2,66.00000
1740907623.094,0.04567,-0.09820,0.26247,-0.04710,-3.14000,-0.10006,0.32027,-0.04811,-3.38269,-3.30000,2,66.00000
1740907623.103,0.05512,-0.12611,0.34651,-0.07850,-3.14000,-0.10765,0.40715,-0.08516,-4.37091,-3.30000,2,66.00000
1740907623.114,0.06548,-0.12753,1.00691,-0.14130,-6.28000,-0.06501,0.62590,-0.13587,-5.39306,-3.30000,2,66.00000
1740907623.126,0.07794,-0.07999,1.05572,-0.18840,-4.71000,-0.03633,0.80777,-0.19375,-6.32089,1.16157,1,23.00000
1740907623.135,0.08650,-0.07628,0.82877,-0.25120,-6.28000,-0.03774,0.89555,-0.25928,-7.14810,1.30190,1,26.00000
1740907623.146,0.09740,-0.06600,0.83752,-0.29830,-4.71000,-0.02698,0.76701,-0.32188,-6.25711,1.39809,1,27.00000
1740907623.156,0.10778,-0.06483,0.66407,-0.36110,-6.28000,-0.02040,0.63246,-0.37725,-5.38253,0.99490,1,19.00000
1740907623.166,0.11834,-0.06781,0.57216,-0.39250,-3.14000,-0.01361,0.50810,-0.42132,-4.49855,0.78810,1,15.00000
1740907623.178,0.12974,-0.07256,0.57256,-0.43960,-4.71000,-0.00298,0.43575,-0.45980,-3.85102,1.44884,1,28.00000
1740907623.190,0.14142,-0.06645,0.50705,-0.48670,-4.71000,0.00623,0.38228,-0.49473,-3.34073,2.09887,1,41.00000
1740907623.198,0.15026,-0.06228,0.51119,-0.51810,-3.14000,0.01844,0.31608,-0.52396,-2.62551,3.09257,1,61.00000
1740907623.210,0.16145,-0.05121,0.47320,-0.54950,-3.14000,0.03187,0.23507,-0.54690,-1.73431,3.30000,1,66.00000
1740907623.221,0.17275,-0.04752,0.35125,-0.58090,-3.14000,0.04377,0.11204,-0.56248,-0.55579,3.30000,1,66.00000
1740907623.229,0.18073,-0.04916,0.25109,-0.61230,-3.14000,0.05463,-0.00386,-0.57074,0.58766,3.30000,1,66.00000
1740907623.240,0.19217,-0.04774,0.18489,-0.62800,-1.57000,0.06508,-0.09988,-0.57078,1.63738,3.30000,1,66.00000
1740907623.252,0.20374,-0.04471,0.11535,-0.62800,0.00000,0.07442,-0.18142,-0.56210,2.61265,3.30000,1,66.00000
1740907623.262,0.21359,-0.01716,-0.15301,-0.61230,1.57000,0.07603,-0.28480,-0.54383,3.54932,3.30000,1,66.00000
1740907623.272,0.22432,-0.01742,-1.31058,-0.54950,6.28000,0.04222,-0.56077,-0.50864,4.59354,0.82951,1,16.00000
1740907623.285,0.23641,-0.04064,-0.93688,-0.50240,4.70999,0.02721,-0.73062,-0.46443,5.51513,-2.34571,2,46.00000
1740907623.293,0.24470,-0.04461,-0.59014,-0.45530,4.71000,0.02291,-0.69903,-0.41672,5.42653,-2.34062,2,46.00000
1740907623.303,0.25523,-0.04633,-0.33726,-0.42390,3.14000,0.02098,-0.48527,-0.37739,4.14186,-0.80812,2,16.00000
1740907623.316,0.26736,-0.04150,-0.45852,-0.39250,3.14000,0.01204,-0.33469,-0.34914,2.97466,-0.76377,2,15.00000
1740907623.325,0.27717,-0.04004,-0.48227,-0.36110,3.14000,0.00235,-0.29458,-0.32737,2.47244,-1.66288,2,33.00000
1740907623.337,0.28880,-0.04280,-0.38738,-0.32970,3.14000,-0.00494,-0.25525,-0.30823,2.03102,-2.27491,2,45.00000
1740907623.346,0.29760,-0.04641,-0.25396,-0.31400,1.57000,-0.01016,-0.16438,-0.29485,1.27702,-2.29528,2,45.00000
1740907623.356,0.30820,-0.04647,-0.22162,-0.28260,3.14000,-0.01610,-0.06189,-0.28550,0.38785,-2.37491,2,47.00000
1740907623.368,0.31976,-0.05024,-0.22798,-0.26690,1.57000,-0.02325,0.01701,-0.28250,-0.43003,-2.84537,2,56.00000
1740907623.378,0.32973,-0.05159,-0.13027,-0.25120,1.57000,-0.02867,0.09357,-0.28439,-1.20288,-3.13797,2,62.00000
1740907623.388,0.34003,-0.05660,-0.00108,-0.25120,0.00000,-0.03220,0.19276,-0.29325,-2.09805,-3.06286,2,61.00000
1740907623.400,0.35166,-0.05777,0.24149,-0.25120,0.00000,-0.03130,0.31803,-0.30871,-3.03781,-2.23370,2,44.00000
1740907623.409,0.36132,-0.05633,0.19741,-0.25120,0.00000,-0.03249,0.40815,-0.32914,-3.84714,-1.98083,2,39.00000
1740907623.421,0.37242,-0.05455,0.13822,-0.25120,0.00000,-0.03483,0.43045,-0.35165,-4.25600,-2.37942,2,47.00000
1740907623.432,0.38341,-0.05301,0.06367,-0.25120,0.00000,-0.03837,0.42262,-0.37359,-4.50544,-3.15486,2,63.00000
1740907623.441,0.39319,-0.05303,0.03237,-0.25120,0.00000,-0.04243,0.42690,-0.39481,-4.85193,-3.30000,2,66.00000
1740907623.452,0.40389,-0.06013,-0.06129,-0.26690,-1.57000,-0.04895,0.45110,-0.41922,-5.44329,-3.30000,2,66.00000
1740907623.463,0.41531,-0.07234,1.00001,-0.29830,-3.14000,-0.03352,0.61746,-0.45142,-6.16011,-1.81916,2,36.00000
1740907623.474,0.42604,-0.06649,1.58310,-0.34540,-4.71000,-0.00810,0.84056,-0.49253,-6.89305,3.30000,1,66.00000
1740907623.485,0.43730,-0.05385,0.97122,-0.39250,-4.71000,0.00341,0.88281,-0.53711,-6.96277,3.30000,1,66.00000
1740907623.495,0.44700,-0.05067,1.08279,-0.40820,-1.57000,0.02109,0.68940,-0.57011,-5.12706,3.30000,1,66.00000
1740907623.505,0.45665,-0.04311,0.88670,-0.42390,-1.57000,0.03626,0.51538,-0.58557,-3.40499,3.30000,1,66.00000
1740907623.515,0.46703,-0.03040,0.81063,-0.45530,-3.14000,0.05096,0.37453,-0.58976,-1.84374,3.30000,1,66.00000
1740907623.527,0.47880,-0.00471,-1.25822,-0.42390,3.14000,0.02627,-0.00619,-0.57210,-0.13979,1.92760,1,38.00000
1740907623.538,0.48945,-0.02096,-0.86569,-0.39250,3.14000,0.01301,-0.28043,-0.53968,1.38518,-1.94376,2,38.00000
1740907623.549,0.50098,-0.03039,-0.32166,-0.34540,4.71000,0.01179,-0.37480,-0.49575,2.24311,-2.41065,2,48.00000
1740907623.559,0.51055,-0.03569,-0.17074,-0.31400,3.14000,0.01104,-0.24309,-0.45298,1.58475,-1.24771,2,24.00000
1740907623.569,0.52083,-0.04560,-0.02873,-0.29830,1.57000,0.01129,-0.09165,-0.42054,0.76456,0.44388,1,8.00000
1740907623.581,0.53238,-0.05023,0.29811,-0.29830,0.00000,0.01714,0.02167,-0.39844,0.36400,2.24814,1,44.00000
1740907623.590,0.54214,-0.04869,0.65872,-0.28260,1.57000,0.03003,0.08374,-0.37831,0.57848,3.30000,1,66.00000
1740907623.600,0.55166,-0.03991,-0.05525,-0.26690,1.57000,0.03006,-0.03492,-0.35318,1.50603,3.30000,1,66.00000
1740907623.610,0.56212,-0.03301,-0.33426,-0.23550,3.14000,0.02660,-0.21809,-0.31755,2.77882,2.50800,1,50.00000
1740907623.623,0.57444,-0.04332,-0.40888,-0.20410,3.14000,0.02307,-0.37829,-0.27237,3.94445,1.19927,1,23.00000
1740907623.631,0.58286,-0.04747,-0.20799,-0.17270,3.14000,0.02379,-0.44517,-0.22153,4.68455,1.19510,1,23.00000
1740907623.642,0.59419,-0.04670,0.01718,-0.15700,1.57000,0.02790,-0.40299,-0.17255,4.81681,2.42543,1,48.00000
1740907623.652,0.60402,-0.04615,-0.16340,-0.12560,3.14000,0.02812,-0.38612,-0.12456,4.94320,2.89584,1,57.00000
1740907623.664,0.61594,-0.04938,-0.21444,-0.09420,3.14000,0.02800,-0.43560,-0.07612,5.49490,2.84491,1,56.00000
1740907623.674,0.62593,-0.05048,-0.13505,-0.06280,3.14000,0.02988,-0.48623,-0.02529,6.14395,3.08614,1,61.00000
1740907623.684,0.63624,-0.04704,-0.23132,-0.01570,4.71000,0.03024,-0.53445,0.03047,6.73229,3.15030,1,63.00000
1740907623.696,0.64779,-0.04817,-0.23644,0.01570,3.14000,0.03081,-0.58230,0.08745,7.32694,3.24778,1,64.00000
1740907623.705,0.65713,-0.04850,-0.36309,0.06280,4.71000,0.02933,-0.63815,0.14822,7.90279,3.01125,1,60.00000
1740907623.716,0.66784,-0.04606,-0.51693,0.10990,4.71000,0.02542,-0.70613,0.21194,8.46633,2.34843,1,46.00000
1740907623.728,0.67986,-0.04795,-0.64533,0.15700,4.71000,0.01940,-0.76618,0.27753,8.88977,1.43734,1,28.00000
1740907623.738,0.68984,-0.04979,-0.64120,0.20410,4.71000,0.01334,-0.78368,0.34271,9.01319,0.80323,1,16.00000
1740907623.750,0.70185,-0.05120,-0.40991,0.26690,6.28000,0.01100,-0.72710,0.40697,8.77316,1.20147,1,24.00000
1740907623.760,0.71173,-0.05576,-0.36272,0.31400,4.71000,0.00853,-0.64245,0.46559,8.29504,1.71888,1,34.00000
1740907623.772,0.72380,-0.05850,-0.50452,0.36110,4.71000,0.00311,-0.60976,0.51958,8.00591,1.39522,1,27.00000
1740907623.782,0.73375,-0.05769,-0.29642,0.40820,4.71000,0.00163,-0.58393,0.57062,7.90021,1.56011,1,31.00000
1740907623.792,0.74396,-0.05763,-0.36018,0.43960,3.14000,-0.00153,-0.55349,0.61734,7.66495,1.47461,1,29.00000
1740907623.804,0.75594,-0.06164,-0.17588,0.47100,3.14000,-0.00153,-0.51404,0.65982,7.47233,1.87300,1,37.00000
1740907623.814,0.76560,-0.06051,-0.32010,0.51810,4.71000,-0.00443,-0.49572,0.70181,7.29185,1.69036,1,33.00000
1740907623.825,0.77653,-0.05688,-0.31893,0.54950,3.14000,-0.00718,-0.50019,0.74117,7.25393,1.34850,1,26.00000
1740907623.836,0.78817,-0.05896,-0.43084,0.58090,3.14000,-0.01204,-0.51015,0.77895,7.15409,0.64569,1,12.00000
1740907623.846,0.79800,-0.06311,-0.04110,0.61230,3.14000,-0.01005,-0.45573,0.81375,6.88851,1.36431,1,27.00000
1740907623.858,0.80988,-0.06485,-0.38006,0.64370,3.14000,-0.01509,-0.41781,0.84555,6.42244,0.92135,1,18.00000
1740907623.868,0.81976,-0.06851,-0.23557,0.67510,3.14000,-0.01722,-0.40704,0.87435,6.24076,0.68526,1,13.00000
1740907623.880,0.83161,-0.06901,-0.28263,0.69080,1.57000,-0.02062,-0.38307,0.89898,5.89646,0.32733,1,6.00000
1740907623.890,0.84153,-0.07210,-0.15080,0.72220,3.14000,-0.02189,-0.33907,0.92147,5.49338,0.40204,1,8.00000
1740907623.902,0.85339,-0.07388,-0.19461,0.73790,1.57000,-0.02452,-0.29163,0.93910,4.98525,0.26796,1,5.00000
1740907623.912,0.86409,-0.07217,-0.30197,0.75360,1.57000,-0.02930,-0.27209,0.95269,4.55499,-0.74048,2,14.00000
1740907623.924,0.87583,-0.07501,-0.20339,0.78500,3.14000,-0.03233,-0.24284,0.96530,4.12608,-1.09663,2,21.00000
1740907623.932,0.88410,-0.07635,-0.16652,0.80070,1.57000,-0.03555,-0.16800,0.97321,3.35976,-1.19208,2,23.00000
1740907623.944,0.89561,-0.07692,-0.11222,0.80070,0.00000,-0.03853,-0.08495,0.97301,2.50710,-1.25283,2,25.00000
1740907623.954,0.90552,-0.07707,-0.24424,0.81640,1.57000,-0.04434,-0.03348,0.96869,1.72807,-1.97352,2,39.00000
1740907623.966,0.91811,-0.07858,-0.20667,0.81640,0.00000,-0.04973,0.01100,0.95842,0.98599,-2.72055,2,54.00000
1740907623.975,0.92685,-0.07981,-0.17533,0.83210,1.57000,-0.05508,0.07895,0.94517,0.07387,-3.30000,2,66.00000
1740907623.985,0.93735,-0.08158,-0.06740,0.83210,0.00000,-0.05931,0.17854,0.92512,-1.03625,-3.30000,2,66.00000
1740907623.996,0.94785,-0.08164,-0.10288,0.83210,0.00000,-0.06503,0.27773,0.89844,-2.23811,-3.30000,2,66.00000
1740907624.007,0.95872,-0.08130,-0.06135,0.83210,0.00000,-0.07038,0.35646,0.86607,-3.31378,-3.30000,2,66.00000
1740907624.017,0.96918,-0.08227,-0.11763,0.83210,0.00000,-0.07696,0.40589,0.83004,-4.25735,-3.30000,2,66.00000
1740907624.029,0.98052,-0.09361,0.14544,0.80070,-3.14000,-0.07903,0.47231,0.78623,-5.15790,-3.30000,2,66.00000
1740907624.038,0.99034,-0.10194,0.89627,0.76930,-3.14000,-0.06799,0.61514,0.73570,-6.04929,-3.30000,2,66.00000
1740907624.050,1.00166,-0.09376,1.60186,0.70650,-6.28000,-0.04547,0.82653,0.67463,-6.96164,0.48062,1,9.00000
1740907624.061,1.01258,-0.07538,0.83235,0.64370,-6.28000,-0.03840,0.91637,0.60766,-7.71268,1.54131,1,30.00000
1740907624.071,1.02259,-0.07483,0.89642,0.59660,-4.70999,-0.02806,0.81419,0.54329,-7.00303,1.77659,1,35.00000
1740907624.083,1.03487,-0.07292,0.59378,0.53380,-6.28000,-0.02179,0.64524,0.48665,-5.94195,1.04799,1,20.00000
1740907624.093,1.04477,-0.06659,0.79264,0.48670,-4.71000,-0.01060,0.52073,0.43995,-4.89427,1.45091,1,29.00000
1740907624.102,1.05415,-0.06388,0.30352,0.43960,-4.71000,-0.00797,0.39854,0.40133,-4.15160,0.71673,1,14.00000
1740907624.113,1.06487,-0.06172,0.51147,0.39250,-4.71000,-0.00054,0.30544,0.36747,-3.36077,0.93925,1,18.00000
1740907624.124,1.07629,-0.06079,0.71433,0.36110,-3.14000,0.01055,0.29333,0.33901,-2.91834,2.31863,1,46.00000
1740907624.134,1.08599,-0.05796,0.40758,0.31400,-4.71000,0.01612,0.24264,0.31203,-2.42568,2.65311,1,53.00000
1740907624.145,1.09668,-0.05371,0.42652,0.29830,-1.57000,0.02337,0.13818,0.29301,-1.45121,2.92283,1,58.00000
1740907624.156,1.10810,-0.05153,0.09392,0.26690,-3.14000,0.02542,0.00067,0.28079,-0.42247,2.27236,1,45.00000
1740907624.166,1.11789,-0.04814,0.04538,0.25120,-1.57000,0.02771,-0.12991,0.27686,0.62142,1.77387,1,35.00000
1740907624.178,1.13029,-0.04666,-0.28632,0.23550,-1.57000,0.02438,-0.24402,0.27909,1.35961,0.62848,1,12.00000
1740907624.188,1.13939,-0.04771,-0.25337,0.23550,0.00000,0.02210,-0.31108,0.28621,1.85062,-0.34051,2,6.00000
1740907624.198,1.14971,-0.05020,-0.31241,0.23550,0.00000,0.01837,-0.31799,0.29458,1.88026,-0.75301,2,15.00000
1740907624.208,1.15938,-0.05245,-0.33625,0.23550,0.00000,0.01357,-0.28061,0.30056,1.54716,-1.03860,2,20.00000
1740907624.218,1.16987,-0.05613,-0.15351,0.21980,-1.57000,0.01141,-0.20790,0.29951,1.04218,-0.75362,2,15.00000
1740907624.229,1.18090,-0.05610,-0.16614,0.21980,0.00000,0.00837,-0.13735,0.29444,0.48473,-0.65224,2,13.00000
1740907624.240,1.19160,-0.05610,-0.35727,0.21980,0.00000,0.00170,-0.11916,0.28648,0.10502,-1.47424,2,29.00000
1740907624.251,1.20260,-0.05811,-0.39545,0.21980,0.00000,-0.00556,-0.11881,0.27687,-0.19366,-2.52567,2,50.00000
1740907624.263,1.21475,-0.06131,-0.27380,0.21980,0.00000,-0.01106,-0.06898,0.26486,-0.76960,-2.99956,2,59.00000
1740907624.273,1.22449,-0.06316,-0.23625,0.21980,0.00000,-0.01682,0.02304,0.24845,-1.66987,-3.25531,2,65.00000
1740907624.282,1.23386,-0.06348,-0.29730,0.21980,0.00000,-0.02443,0.10873,0.22675,-2.64086,-3.30000,2,66.00000
1740907624.292,1.24435,-0.06908,-0.14282,0.20410,-1.57000,-0.02990,0.20483,0.19735,-3.63834,-3.30000,2,66.00000
1740907624.304,1.25608,-0.07403,0.35191,0.17270,-3.14000,-0.02714,0.34322,0.15854,-4.62811,-3.04463,2,60.00000
1740907624.314,1.26613,-0.07416,0.56270,0.14130,-3.14000,-0.02153,0.48308,0.11263,-5.54572,-1.54609,2,30.00000
1740907624.326,1.27834,-0.06872,0.49126,0.09420,-4.71000,-0.01802,0.57930,0.05963,-6.28970,-0.70332,2,14.00000
1740907624.336,1.28828,-0.06412,0.26863,0.06280,-3.14000,-0.01796,0.55658,0.00676,-6.37095,-1.18511,2,23.00000
1740907624.346,1.29798,-0.06360,0.25534,0.01570,-4.71000,-0.01733,0.49363,-0.04489,-6.13815,-1.84023,2,36.00000
1740907624.356,1.30833,-0.06237,0.37806,0.00000,-1.57000,-0.01416,0.47645,-0.08990,-6.06319,-1.74733,2,34.00000
1740907624.368,1.31957,-0.06152,0.29510,-0.04710,-4.71000,-0.01287,0.48563,-0.13584,-6.23776,-1.73634,2,34.00000
1740907624.377,1.32932,-0.05991,0.30706,-0.06280,-1.57000,-0.01117,0.48711,-0.17815,-6.31988,-1.68723,2,33.00000
1740907624.388,1.34020,-0.05897,0.19179,-0.10990,-4.71000,-0.01157,0.47461,-0.22200,-6.39556,-2.04299,2,40.00000
1740907624.399,1.35130,-0.05874,0.19760,-0.12560,-1.57000,-0.01155,0.45877,-0.26182,-6.40569,-2.32556,2,46.00000
1740907624.410,1.36173,-0.05835,0.27521,-0.15700,-3.14000,-0.01022,0.47180,-0.30134,-6.54864,-2.20809,2,44.00000
1740907624.421,1.37329,-0.05682,0.23617,-0.18840,-3.14000,-0.00982,0.49093,-0.34113,-6.76900,-2.18103,2,43.00000
1740907624.431,1.38319,-0.05574,0.21503,-0.20410,-1.57000,-0.00970,0.49591,-0.37866,-6.89232,-2.27384,2,45.00000
1740907624.443,1.39495,-0.05430,0.26963,-0.23550,-3.14000,-0.00856,0.50497,-0.41652,-6.99926,-2.18982,2,43.00000
1740907624.453,1.40504,-0.05405,0.21430,-0.26690,-3.14000,-0.00851,0.50967,-0.45430,-7.11785,-2.28857,2,45.00000
1740907624.462,1.41426,-0.05353,0.25368,-0.29830,-3.14000,-0.00768,0.51332,-0.49203,-7.19310,-2.27635,2,45.00000
1740907624.473,1.42466,-0.05383,0.23352,-0.31400,-1.57000,-0.00717,0.51679,-0.52698,-7.26476,-2.29087,2,45.00000
1740907624.483,1.43502,-0.05286,0.24733,-0.32970,-1.57000,-0.00632,0.51953,-0.55962,-7.30429,-2.24274,2,44.00000
1740907624.495,1.44660,-0.05299,0.33972,-0.36110,-3.14000,-0.00385,0.53452,-0.59278,-7.35892,-1.87469,2,37.00000
1740907624.504,1.45633,-0.05137,0.27473,-0.37680,-1.57000,-0.00253,0.53624,-0.62336,-7.35804,-1.74716,2,34.00000
1740907624.517,1.46868,-0.05071,0.31959,-0.40820,-3.14000,-0.00018,0.52647,-0.65379,-7.23368,-1.54688,2,30.00000
1740907624.526,1.47827,-0.04941,0.32419,-0.42390,-1.57000,0.00246,0.51289,-0.68065,-7.05091,-1.30174,2,26.00000
1740907624.536,1.48789,-0.04856,0.35630,-0.45530,-3.14000,0.00584,0.49845,-0.70668,-6.82388,-0.94585,2,18.00000
1740907624.547,1.49873,-0.04748,0.34994,-0.47100,-1.57000,0.00940,0.47513,-0.72878,-6.50795,-0.59671,2,11.00000
1740907624.558,1.51025,-0.04584,0.32248,-0.48670,-1.57000,0.01285,0.43754,-0.74682,-6.07749,-0.33109,2,6.00000
1740907624.569,1.52062,-0.04517,0.35181,-0.50240,-1.57000,0.01728,0.39597,-0.76062,-5.55554,0.42125,1,8.00000
1740907624.580,1.53168,-0.04368,0.39785,-0.51810,-1.57000,0.02291,0.35838,-0.77023,-4.98663,1.06859,1,21.00000
1740907624.590,1.54167,-0.04172,0.46152,-0.53380,-1.57000,0.03033,0.30391,-0.77520,-4.20376,1.89285,1,37.00000
1740907624.602,1.55380,-0.03965,0.34845,-0.54950,-1.57000,0.03637,0.22032,-0.77436,-3.24991,2.35673,1,47.00000
1740907624.611,1.56269,-0.03876,0.37242,-0.56520,-1.57000,0.04376,0.12096,-0.76722,-2.09714,2.95734,1,59.00000
1740907624.621,1.57314,-0.03738,0.34764,-0.56520,0.00000,0.05153,0.02034,-0.75103,-0.87146,3.30000,1,66.00000
1740907624.632,1.58366,-0.03564,0.32734,-0.56520,0.00000,0.05980,-0.08575,-0.72656,0.45515,3.30000,1,66.00000
1740907624.643,1.59467,-0.03471,0.33011,-0.56520,0.00000,0.06876,-0.17980,-0.69465,1.76830,3.30000,1,66.00000
1740907624.652,1.60429,-0.03485,0.35128,-0.56520,0.00000,0.07836,-0.24388,-0.65703,2.93427,3.30000,1,66.00000
1740907624.663,1.61526,-0.03441,0.43418,-0.56520,0.00000,0.08945,-0.27468,-0.61583,3.95319,3.30000,1,66.00000
1740907624.674,1.62629,-0.01831,0.22879,-0.53380,3.14000,0.09686,-0.31498,-0.56709,4.91245,3.30000,1,66.00000
1740907624.685,1.63662,-0.01136,-1.63254,-0.45530,7.85000,0.07129,-0.57482,-0.50215,6.04154,3.30000,1,66.00000
1740907624.696,1.64827,-0.02398,-0.90141,-0.39250,6.28000,0.06085,-0.71035,-0.43033,6.98380,3.29561,1,65.00000
1740907624.706,1.65808,-0.03547,-0.49757,-0.34540,4.71000,0.05846,-0.77296,-0.35571,7.76904,3.13778,1,62.00000
1740907624.717,1.66911,-0.03580,-0.00984,-0.28260,6.28000,0.06512,-0.76087,-0.27729,8.42963,3.30000,1,66.00000
1740907624.728,1.67989,-0.02571,-1.03934,-0.21980,6.28000,0.05294,-0.86213,-0.19415,9.07319,2.98526,1,59.00000
1740907624.739,1.69056,-0.02863,-1.35017,-0.15700,6.28000,0.03600,-0.99528,-0.10819,9.72854,0.23363,1,4.00000
1740907624.750,1.70197,-0.04033,-0.65341,-0.07850,7.85000,0.03234,-1.01046,-0.01979,10.13451,0.22517,1,4.00000
1740907624.760,1.71225,-0.04296,-0.55087,-0.01570,6.28000,0.02850,-0.87346,0.06368,9.46186,1.19273,1,23.00000
1740907624.770,1.72193,-0.04311,-0.31888,0.06280,7.85000,0.02785,-0.73114,0.14092,8.82378,2.57878,1,51.00000
1740907624.781,1.73246,-0.04302,-0.79234,0.12560,6.28000,0.01830,-0.71672,0.21314,8.62533,1.71382,1,34.00000
1740907624.792,1.74366,-0.04962,-0.62065,0.18840,6.28000,0.01274,-0.75451,0.28406,8.91940,1.03034,1,20.00000
1740907624.802,1.75342,-0.05438,-0.53790,0.23550,4.71000,0.00819,-0.73313,0.35213,8.83195,0.87400,1,17.00000
1740907624.814,1.76553,-0.05626,-0.38342,0.28260,4.71000,0.00568,-0.66314,0.41510,8.46312,1.30222,1,26.00000
1740907624.823,1.77440,-0.05591,-0.18286,0.34540,6.28000,0.00619,-0.57356,0.47477,8.05519,2.26249,1,45.00000
1740907624.833,1.78500,-0.05697,-0.58801,0.39250,4.71000,-0.00097,-0.56848,0.53057,7.86358,1.47459,1,29.00000
1740907624.844,1.79580,-0.05567,-0.34692,0.45530,6.28000,-0.00303,-0.58540,0.58702,8.02534,1.26571,1,25.00000
1740907624.855,1.80702,-0.06169,-0.29360,0.50240,4.71000,-0.00465,-0.55387,0.64191,7.86553,1.44086,1,28.00000
1740907624.865,1.81656,-0.06012,-0.26639,0.54950,4.70999,-0.00617,-0.51412,0.69404,7.63229,1.65821,1,33.00000
1740907624.875,1.82711,-0.05777,-0.15935,0.59660,4.71001,-0.00593,-0.47654,0.74364,7.46664,2.08880,1,41.00000
1740907624.887,1.83845,-0.05533,-0.43364,0.64370,4.70999,-0.01073,-0.48948,0.79241,7.42130,1.42329,1,28.00000
1740907624.896,1.84816,-0.05435,-0.49283,0.69080,4.71000,-0.01612,-0.53099,0.84127,7.53959,0.46643,1,9.00000
1740907624.909,1.86102,-0.05740,-0.56330,0.73790,4.71000,-0.02290,-0.54469,0.88992,7.40895,-0.84268,2,16.00000
1740907624.918,1.86978,-0.05920,-0.50483,0.76930,3.14000,-0.02923,-0.50500,0.93320,6.90717,-1.41418,2,28.00000
1740907624.929,1.88054,-0.06018,-0.51911,0.80070,3.14000,-0.03696,-0.41418,0.96881,5.95702,-1.89514,2,37.00000
1740907624.941,1.89250,-0.06234,-0.54278,0.83210,3.14000,-0.04604,-0.32017,0.99542,4.87518,-2.62248,2,52.00000
1740907624.951,1.90244,-0.06367,-0.49515,0.86350,3.14001,-0.05506,-0.22089,1.01332,3.70829,-3.30000,2,66.00000
1740907624.962,1.91399,-0.06728,-0.44049,0.87920,1.57000,-0.06415,-0.10407,1.02022,2.35928,-3.30000,2,66.00000
1740907624.972,1.92363,-0.07072,-0.32130,0.89490,1.57000,-0.07217,0.03117,1.01645,0.87273,-3.30000,2,66.00000
1740907624.982,1.93404,-0.07302,-0.22450,0.89490,0.00000,-0.07919,0.14686,1.00101,-0.50170,-3.30000,2,66.00000
1740907624.994,1.94577,-0.07574,-0.24870,0.89490,0.00000,-0.08719,0.23048,0.97695,-1.74263,-3.30000,2,66.00000
1740907625.004,1.95548,-0.08003,0.19929,0.89490,0.00000,-0.08743,0.34516,0.94571,-2.90126,-3.30000,2,66.00000
1740907625.014,1.96583,-0.08326,0.36848,0.86350,-3.14000,-0.08540,0.45789,0.90452,-3.99192,-3.30000,2,66.00000
1740907625.026,1.97766,-0.08278,1.24681,0.81640,-4.71001,-0.06843,0.65866,0.85195,-5.09620,-2.15092,2,43.00000
1740907625.036,1.98772,-0.07330,0.74665,0.80070,-1.57000,-0.06172,0.76610,0.79758,-5.99659,-1.02877,2,20.00000
1740907625.049,2.00036,-0.06568,0.82341,0.73790,-6.28000,-0.05363,0.81092,0.73575,-6.43649,-0.17321,2,3.00000
1740907625.057,2.00900,-0.06438,0.52840,0.67510,-6.28000,-0.05040,0.75807,0.67244,-6.40362,-0.68396,2,13.00000
1740907625.068,2.01987,-0.06156,0.81866,0.64370,-3.14000,-0.04078,0.70520,0.61519,-6.04921,-0.19507,2,3.00000
1740907625.079,2.03078,-0.05724,0.65601,0.59660,-4.70999,-0.03410,0.66963,0.56161,-5.88864,0.38616,1,7.00000
1740907625.090,2.04170,-0.05358,0.51881,0.54950,-4.71001,-0.02928,0.60095,0.51121,-5.54426,0.17492,1,3.00000
1740907625.101,2.05238,-0.05083,0.45887,0.51810,-3.14000,-0.02457,0.50814,0.46748,-4.98667,-0.48637,2,9.00000
1740907625.112,2.06348,-0.04996,0.49214,0.48670,-3.14000,-0.01873,0.44681,0.42961,-4.54477,-0.36027,2,7.00000
1740907625.122,2.07373,-0.04804,0.45132,0.45530,-3.14000,-0.01370,0.42543,0.39531,-4.37051,0.31436,1,6.00000
1740907625.134,2.08546,-0.04676,0.47123,0.40820,-4.71000,-0.00820,0.40741,0.36043,-4.18850,0.75253,1,15.00000
1740907625.143,2.09502,-0.04459,0.41724,0.39250,-1.57000,-0.00300,0.35359,0.33133,-3.73820,0.95061,1,19.00000
1740907625.153,2.10488,-0.04353,0.38208,0.36110,-3.14000,0.00216,0.28690,0.30597,-3.17113,1.09512,1,21.00000
1740907625.163,2.11525,-0.04143,0.28879,0.32970,-3.14000,0.00614,0.21406,0.28466,-2.57825,1.07051,1,21.00000
1740907625.176,2.12762,-0.04096,0.28888,0.29830,-3.14000,0.01062,0.15006,0.26675,-1.99604,1.21623,1,24.00000
1740907625.184,2.13618,-0.04048,0.31351,0.28260,-1.57000,0.01591,0.10403,0.25390,-1.46717,1.65080,1,33.00000
1740907625.195,2.14707,-0.03865,0.21559,0.28260,0.00000,0.01986,0.04950,0.24779,-0.89828,1.88432,1,37.00000
1740907625.206,2.15790,-0.03767,0.16917,0.26690,-1.57000,0.02353,-0.01808,0.24530,-0.23011,2.01677,1,40.00000
1740907625.217,2.16909,-0.03738,0.16050,0.25120,-1.57000,0.02752,-0.08220,0.24651,0.45205,2.25266,1,45.00000
1740907625.227,2.17884,-0.03707,0.16777,0.23550,-1.57000,0.03200,-0.13595,0.25080,1.10450,2.65809,1,53.00000
1740907625.238,2.18970,-0.03593,0.09693,0.23550,0.00000,0.03564,-0.19660,0.26033,1.79635,2.93196,1,58.00000
1740907625.248,2.20023,-0.03524,-0.03272,0.23550,0.00000,0.03752,-0.27807,0.27479,2.58089,2.84090,1,56.00000
1740907625.259,2.21068,-0.03574,-0.04440,0.23550,0.00000,0.03980,-0.35629,0.29374,3.38340,2.86248,1,57.00000
1740907625.271,2.22257,-0.03684,0.04521,0.23550,0.00000,0.04398,-0.40078,0.31595,4.05396,3.30000,1,66.00000
1740907625.280,2.23200,-0.03762,0.09699,0.23550,0.00000,0.04916,-0.42618,0.34014,4.64610,3.30000,1,66.00000
1740907625.290,2.24229,-0.03743,0.15139,0.23550,0.00000,0.05555,-0.45488,0.36602,5.31597,3.30000,1,66.00000
1740907625.302,2.25352,-0.02412,0.04193,0.26690,3.14000,0.06013,-0.48680,0.39873,5.96118,3.30000,1,66.00000
1740907625.312,2.26341,-0.01695,-1.43384,0.31400,4.71000,0.03854,-0.69298,0.44169,6.73180,1.83423,1,36.00000
1740907625.323,2.27465,-0.02756,-1.46243,0.37680,6.28000,0.01824,-0.87999,0.49378,7.46164,-2.33054,2,46.00000
1740907625.333,2.28509,-0.03288,-1.01446,0.42390,4.71000,0.00642,-0.91707,0.54760,7.53231,-3.30000,2,66.00000
1740907625.344,2.29613,-0.04245,-0.48177,0.45530,3.14000,0.00143,-0.68295,0.59133,5.99245,-2.63387,2,52.00000
1740907625.354,2.30585,-0.04676,-0.66538,0.47100,1.57000,-0.00927,-0.46627,0.61747,4.21533,-2.49661,2,49.00000
1740907625.366,2.31819,-0.05073,-0.18377,0.48670,1.57000,-0.01228,-0.26662,0.62805,2.76976,-1.50062,2,30.00000
1740907625.375,2.32701,-0.05214,-0.10362,0.50240,1.57000,-0.01504,-0.10168,0.62804,1.49718,-0.80746,2,16.00000
1740907625.386,2.33754,-0.05334,-0.06298,0.50240,0.00000,-0.01747,-0.01151,0.61913,0.68725,-0.66111,2,13.00000
1740907625.396,2.34819,-0.05506,0.10859,0.51810,1.57000,-0.01675,0.04586,0.60837,0.21473,-0.30713,2,6.00000
1740907625.408,2.36013,-0.05485,0.28365,0.51810,0.00000,-0.01313,0.10709,0.59517,-0.17441,0.81895,1,16.00000
1740907625.420,2.37175,-0.05339,0.17258,0.51810,0.00000,-0.01162,0.12702,0.58161,-0.37326,1.00980,1,20.00000
1740907625.429,2.38107,-0.05279,0.20901,0.51810,0.00000,-0.00874,0.09252,0.57007,-0.13322,1.04069,1,20.00000
1740907625.439,2.39112,-0.05146,0.14073,0.51810,0.00000,-0.00666,0.04689,0.56256,0.17627,0.91395,1,18.00000
1740907625.451,2.40321,-0.05020,0.06165,0.51810,0.00000,-0.00565,-0.00155,0.55880,0.48715,0.64969,1,12.00000
1740907625.461,2.41287,-0.04939,-0.01639,0.51810,0.00000,-0.00576,-0.04484,0.55801,0.73711,0.28462,1,5.00000
1740907625.472,2.42337,-0.04919,-0.03408,0.51810,0.00000,-0.00608,-0.07015,0.55894,0.87128,-0.30540,2,6.00000
1740907625.483,2.43480,-0.04977,-0.03612,0.51810,0.00000,-0.00651,-0.07382,0.56026,0.85941,-0.41564,2,8.00000
1740907625.493,2.44483,-0.04953,0.09743,0.51810,0.00000,-0.00494,-0.03190,0.56017,0.61782,0.41457,1,8.00000
1740907625.502,2.45435,-0.04882,0.00435,0.51810,0.00000,-0.00542,-0.00290,0.55821,0.36730,0.50304,1,10.00000
1740907625.514,2.46543,-0.04839,-0.05430,0.51810,0.00000,-0.00653,-0.02743,0.55587,0.44859,-0.21779,2,4.00000
1740907625.525,2.47644,-0.04889,-0.05625,0.51810,0.00000,-0.00741,-0.05332,0.55464,0.55698,-0.56336,2,11.00000
1740907625.534,2.48603,-0.04956,-0.04240,0.51810,0.00000,-0.00835,-0.03877,0.55335,0.39276,-0.63258,2,12.00000
1740907625.546,2.49793,-0.05025,-0.06636,0.51810,0.00000,-0.01004,-0.01401,0.55048,0.12029,-0.75035,2,15.00000
1740907625.556,2.50802,-0.05127,-0.05559,0.51810,0.00000,-0.01171,0.00936,0.54575,-0.15252,-0.88910,2,17.00000
1740907625.568,2.52035,-0.05186,-0.03633,0.51810,0.00000,-0.01321,0.03485,0.53934,-0.44206,-1.00213,2,20.00000
1740907625.578,2.52976,-0.05244,-0.04430,0.51810,0.00000,-0.01506,0.05965,0.53139,-0.74969,-1.18169,2,23.00000
1740907625.588,2.53982,-0.05311,-0.05394,0.51810,0.00000,-0.01725,0.08203,0.52203,-1.06267,-1.43755,2,28.00000
1740907625.600,2.55204,-0.05367,-0.05962,0.51810,0.00000,-0.01972,0.10577,0.51131,-1.40371,-1.73448,2,34.00000
1740907625.610,2.56181,-0.05411,-0.08374,0.51810,0.00000,-0.02284,0.13172,0.49914,-1.79478,-2.12241,2,42.00000
1740907625.620,2.57161,-0.05436,-0.10084,0.51810,0.00000,-0.02653,0.16176,0.48525,-2.24582,-2.57535,2,51.00000
1740907625.630,2.58215,-0.05485,-0.11896,0.51810,0.00000,-0.03086,0.19889,0.46930,-2.78292,-3.08835,2,61.00000
1740907625.642,2.59415,-0.05537,-0.09224,0.51810,0.00000,-0.03511,0.24993,0.45072,-3.42483,-3.30000,2,66.00000
1740907625.652,2.60368,-0.05557,-0.10284,0.51810,0.00000,-0.04006,0.31043,0.42907,-4.17734,-3.30000,2,66.00000
1740907625.662,2.61389,-0.05549,-0.16749,0.51810,0.00000,-0.04650,0.35656,0.40445,-4.91230,-3.30000,2,66.00000
1740907625.672,2.62423,-0.05824,-0.22415,0.51810,0.00000,-0.05401,0.38020,0.37773,-5.55234,-3.30000,2,66.00000
1740907625.684,2.63561,-0.06145,0.32614,0.48670,-3.14000,-0.05174,0.46278,0.34374,-6.21497,-3.30000,2,66.00000
1740907625.694,2.64549,-0.05917,1.22797,0.45530,-3.14000,-0.03388,0.64285,0.30323,-6.91244,-1.79966,2,35.00000
1740907625.704,2.65621,-0.04592,0.75142,0.45530,0.00000,-0.02573,0.73872,0.26470,-7.43552,-0.24367,2,4.00000
1740907625.716,2.66790,-0.04004,0.55233,0.40820,-4.71000,-0.02089,0.72552,0.22276,-7.37033,0.39734,1,7.00000
1740907625.728,2.68022,-0.03704,0.23683,0.36110,-4.71000,-0.02057,0.60160,0.18340,-6.71918,-1.03375,2,20.00000
1740907625.736,2.68789,-0.03432,0.24269,0.36110,0.00000,-0.01857,0.46468,0.15652,-5.83241,-1.86544,2,37.00000
1740907625.747,2.69857,-0.03521,0.03132,0.31400,-4.71000,-0.02057,0.39832,0.13131,-5.56181,-2.75351,2,55.00000
1740907625.757,2.70925,-0.03486,0.42550,0.26690,-4.71000,-0.01573,0.43247,0.10297,-5.68783,-1.95432,2,39.00000
1740907625.768,2.72014,-0.03208,0.31682,0.21980,-4.71000,-0.01385,0.49361,0.06976,-6.13717,-1.42224,2,28.00000
1740907625.779,2.73101,-0.02840,0.13665,0.17270,-4.71000,-0.01511,0.48367,0.03241,-6.25566,-1.86752,2,37.00000
1740907625.790,2.74206,-0.02687,0.02265,0.14130,-3.14000,-0.01788,0.43273,-0.00386,-6.14885,-2.80193,2,56.00000
1740907625.801,2.75275,-0.02871,0.09228,0.09420,-4.71000,-0.01938,0.41933,-0.04194,-6.24185,-3.29115,2,65.00000
1740907625.812,2.76348,-0.02920,0.19487,0.04710,-4.71000,-0.01962,0.46492,-0.08370,-6.69118,-3.20230,2,64.00000
1740907625.822,2.77407,-0.03052,0.38644,-0.01570,-6.28000,-0.01719,0.55025,-0.13346,-7.33205,-2.49796,2,49.00000
1740907625.834,2.78574,-0.03028,0.53131,-0.06280,-4.71000,-0.01268,0.63367,-0.18783,-7.89323,-1.53261,2,30.00000
1740907625.844,2.79543,-0.02571,0.54453,-0.10990,-4.71000,-0.00798,0.67082,-0.24453,-8.14229,-0.87449,2,17.00000
1740907625.855,2.80654,-0.02225,0.36245,-0.15700,-4.71000,-0.00610,0.63291,-0.30001,-7.98829,-1.12962,2,22.00000
1740907625.866,2.81768,-0.01894,0.18430,-0.18840,-3.14000,-0.00652,0.54575,-0.34922,-7.55716,-2.00770,2,40.00000
1740907625.875,2.82712,-0.01941,0.27218,-0.20410,-1.57000,-0.00473,0.49388,-0.39039,-7.22203,-2.25153,2,45.00000
1740907625.885,2.83665,-0.01667,0.26629,-0.25120,-4.71000,-0.00337,0.49505,-0.43146,-7.25237,-2.17496,2,43.00000
1740907625.895,2.84705,-0.01565,0.25855,-0.31400,-6.28000,-0.00246,0.50881,-0.47657,-7.40003,-2.09602,2,41.00000
1740907625.907,2.85849,-0.01433,0.05955,-0.36110,-4.71000,-0.00515,0.49107,-0.52249,-7.48499,-2.75917,2,55.00000
1740907625.917,2.86839,-0.01457,0.13522,-0.40820,-4.71000,-0.00625,0.47956,-0.56933,-7.54578,-3.14937,2,62.00000
1740907625.927,2.87894,-0.01382,0.11151,-0.47100,-6.28000,-0.00822,0.49918,-0.62020,-7.86645,-3.30000,2,66.00000
1740907625.938,2.89011,-0.01318,0.18490,-0.51810,-4.71000,-0.00920,0.54045,-0.67359,-8.30202,-3.30000,2,66.00000
1740907625.948,2.89965,-0.01276,0.21897,-0.56520,-4.71000,-0.00989,0.58390,-0.72979,-8.75248,-3.30000,2,66.00000
1740907625.958,2.91033,-0.01153,0.40255,-0.61230,-4.71000,-0.00750,0.64043,-0.78855,-9.17383,-2.98349,2,59.00000
1740907625.970,2.92173,-0.00877,0.44128,-0.67510,-6.28000,-0.00484,0.69288,-0.85151,-9.57317,-2.47272,2,49.00000
1740907625.980,2.93145,-0.00479,0.37329,-0.67510,0.00000,-0.00314,0.70741,-0.90684,-9.72030,-2.31527,2,46.00000
1740907625.990,2.94232,-0.00234,0.32176,-0.73790,-6.28000,-0.00218,0.69064,-0.96439,-9.69235,-2.49142,2,49.00000
1740907626.001,2.95322,-0.00045,0.22040,-0.80070,-6.28000,-0.00283,0.65654,-1.02211,-9.60691,-3.01216,2,60.00000
1740907626.012,2.96385,0.00036,0.28178,-0.86350,-6.28000,-0.00226,0.64365,-1.08033,-9.60776,-3.20179,2,64.00000
1740907626.023,2.97497,0.00030,0.29518,-0.92630,-6.28000,-0.00175,0.65972,-1.14005,-9.80656,-3.19905,2,63.00000
1740907626.033,2.98504,0.00045,0.47251,-0.98910,-6.28000,0.00169,0.70382,-1.20243,-10.08075,-2.58872,2,51.00000
1740907626.043,2.99483,0.00117,0.61582,-1.05190,-6.28000,0.00735,0.75913,-1.26728,-10.34573,-1.58849,2,31.00000
1740907626.054,3.00561,0.00376,0.58096,-1.13040,-7.85000,0.01230,0.77462,-1.33548,-10.38264,-0.98582,2,19.00000
1740907626.065,3.01703,0.00711,0.49251,-1.20890,-7.85000,0.01616,0.73062,-1.40389,-10.05554,-0.94587,2,18.00000
1740907626.075,3.02710,0.00953,0.43548,-1.27170,-6.27999,0.01973,0.65901,-1.46769,-9.52028,-1.09495,2,21.00000
1740907626.087,3.03934,0.01168,0.51281,-1.35020,-7.85000,0.02507,0.61096,-1.52975,-9.04779,-0.79384,2,15.00000
1740907626.098,3.04954,0.01460,0.56968,-1.41300,-6.27999,0.03159,0.58857,-1.58828,-8.67157,0.23419,1,4.00000
1740907626.106,3.05833,0.01576,0.48423,-1.49150,-7.85002,0.03673,0.55059,-1.64638,-8.23664,0.62693,1,12.00000
1740907626.117,3.06901,0.01847,0.56314,-1.55430,-6.27999,0.04418,0.48248,-1.70017,-7.47287,1.18400,1,23.00000
1740907626.129,3.08101,0.02004,0.48980,-1.61710,-6.28000,0.05089,0.40399,-1.74851,-6.63286,1.61100,1,32.00000
1740907626.139,3.09084,0.02138,0.47135,-1.67990,-6.27999,0.05800,0.31595,-1.79148,-5.67563,2.07828,1,41.00000
1740907626.150,3.10141,0.02450,0.51408,-1.74270,-6.28000,0.06654,0.23494,-1.82923,-4.67097,2.85005,1,57.00000
1740907626.161,3.11290,0.02749,0.33943,-1.78980,-4.71001,0.07265,0.13086,-1.85916,-3.56695,3.16901,1,63.00000
1740907626.171,3.12273,0.03032,0.41672,-1.83690,-4.70998,0.08118,0.02410,-1.88188,-2.30236,3.30000,1,66.00000
1740907626.183,3.13518,0.03368,0.24305,-1.88400,-4.71001,0.08726,-0.09176,-1.89736,-1.03704,3.30000,1,66.00000
1740907626.193,3.14456,0.03470,0.26895,-1.91540,-3.14000,0.09447,-0.18341,-1.90480,0.15437,3.30000,1,66.00000
1740907626.202,3.15416,0.03830,0.34277,-1.93110,-1.57000,0.10343,-0.24206,-1.90388,1.23626,3.30000,1,66.00000
1740907626.213,3.16466,0.04774,-1.62200,-1.91540,1.57000,0.07758,-0.52798,-1.88804,2.46463,0.96596,1,19.00000
1740907626.225,3.17678,0.03483,-1.44272,-1.89970,1.57000,0.05721,-0.75510,-1.86305,3.56094,-3.30000,2,66.00000
1740907626.233,3.18511,0.02817,-0.78634,-1.88400,1.57000,0.04868,-0.75642,-1.83553,3.62930,-3.30000,2,66.00000
1740907626.244,3.19588,0.02190,-0.22477,-1.86830,1.57001,0.04718,-0.48229,-1.81646,2.06830,-1.96709,2,39.00000
1740907626.255,3.20727,0.02020,-0.06194,-1.86830,0.00000,0.04657,-0.23377,-1.81296,0.60296,0.30927,1,6.00000
1740907626.266,3.21835,0.01994,0.06636,-1.88400,-1.57001,0.04735,-0.07558,-1.82232,-0.28776,1.69466,1,33.00000
1740907626.275,3.22701,0.02096,0.12332,-1.88400,0.00000,0.04971,-0.04842,-1.83385,-0.25934,2.35608,1,47.00000
1740907626.286,3.23749,0.02298,-0.07916,-1.88400,0.00000,0.04924,-0.11664,-1.84098,0.30897,1.96402,1,39.00000
1740907626.296,3.24822,0.02369,-0.16266,-1.88400,0.00000,0.04825,-0.21473,-1.84142,1.08768,1.32972,1,26.00000
1740907626.308,3.25950,0.02344,-0.14673,-1.88400,0.00000,0.04792,-0.27355,-1.83622,1.65663,1.10403,1,22.00000
1740907626.318,3.26937,0.02355,-0.21031,-1.88400,0.00000,0.04635,-0.29733,-1.82808,1.94800,0.95800,1,19.00000
1740907626.330,3.28176,0.02346,-0.24926,-1.88400,0.00000,0.04404,-0.30973,-1.81909,2.12812,0.77939,1,15.00000
1740907626.339,3.29075,0.02321,-0.19084,-1.88400,0.00000,0.04271,-0.30503,-1.81032,2.22412,0.85068,1,17.00000
1740907626.349,3.30111,0.02266,-0.24837,-1.88400,0.00000,0.04013,-0.29860,-1.80222,2.24411,0.73717,1,14.00000
1740907626.360,3.31206,0.02197,-0.24302,-1.88400,0.00000,0.03762,-0.29605,-1.79507,2.27921,0.58893,1,11.00000
1740907626.371,3.32318,0.02076,-0.27060,-1.88400,0.00000,0.03450,-0.29194,-1.78882,2.26525,0.34515,1,6.00000
1740907626.381,3.33299,0.01928,-0.24733,-1.88400,0.00000,0.03164,-0.27913,-1.78387,2.18919,0.18254,1,3.00000
1740907626.393,3.34500,0.01791,-0.23254,-1.89970,-1.57000,0.02869,-0.25428,-1.78318,2.00004,-0.28780,2,5.00000
1740907626.403,3.35452,0.01751,-0.26697,-1.89970,0.00000,0.02487,-0.23192,-1.78408,1.77581,-0.58162,2,11.00000
1740907626.413,3.36535,0.01613,-0.28143,-1.89970,0.00000,0.02037,-0.19455,-1.78728,1.40208,-0.89687,2,17.00000
1740907626.425,3.37685,0.01452,-0.23960,-1.89970,0.00000,0.01622,-0.14718,-1.79348,0.95251,-1.12083,2,22.00000
1740907626.435,3.38668,0.01340,-0.21610,-1.89970,0.00000,0.01205,-0.09294,-1.80283,0.43131,-1.33343,2,26.00000
1740907626.447,3.39877,0.01198,-0.20149,-1.89970,0.00000,0.00772,-0.03901,-1.81528,-0.11762,-1.60153,2,32.00000
1740907626.457,3.40872,0.01008,-0.17197,-1.89970,0.00000,0.00354,0.01549,-1.83060,-0.68590,-1.87310,2,37.00000
1740907626.466,3.41828,0.00903,-0.08838,-1.89970,0.00000,0.00045,0.07969,-1.84869,-1.29439,-1.94563,2,38.00000
1740907626.477,3.42906,0.00745,-0.07339,-1.89970,0.00000,-0.00285,0.14387,-1.86933,-1.93012,-2.07326,2,41.00000
1740907626.488,3.44011,0.00618,-0.02580,-1.89970,0.00000,-0.00561,0.20202,-1.89213,-2.51889,-2.18625,2,43.00000
1740907626.499,3.45079,0.00563,-0.02618,-1.89970,0.00000,-0.00867,0.25205,-1.91639,-3.07720,-2.41578,2,48.00000
1740907626.511,3.46247,0.00561,0.00423,-1.89970,0.00000,-0.01141,0.29817,-1.94169,-3.60411,-2.63637,2,52.00000
1740907626.520,3.47227,0.00600,-0.00875,-1.89970,0.00000,-0.01465,0.34146,-1.96771,-4.13896,-2.95781,2,59.00000
1740907626.532,3.48410,0.00652,-0.01729,-1.89970,0.00000,-0.01827,0.38209,-1.99441,-4.67770,-3.30000,2,66.00000
1740907626.542,3.49370,0.00686,-0.01901,-1.89970,0.00000,-0.02220,0.42595,-2.02189,-5.25685,-3.30000,2,66.00000
1740907626.552,3.50419,0.00698,-0.05558,-1.89970,0.00000,-0.02708,0.46880,-2.05031,-5.87608,-3.30000,2,66.00000
1740907626.564,3.51568,0.00490,-0.17390,-1.89970,0.00000,-0.03411,0.48319,-2.07922,-6.39823,-3.30000,2,66.00000
1740907626.574,3.52564,0.00119,0.80664,-1.94680,-4.71001,-0.02371,0.61369,-2.11747,-7.01855,-3.30000,2,66.00000
1740907626.585,3.53669,0.00708,1.35795,-2.00960,-6.28000,-0.00460,0.79715,-2.16542,-7.67489,0.78231,1,15.00000
1740907626.596,3.54805,0.01826,0.83825,-2.05670,-4.71001,0.00374,0.89392,-2.21712,-8.20869,2.34653,1,46.00000
1740907626.606,3.55757,0.02441,0.55269,-2.10380,-4.70998,0.00913,0.74324,-2.26584,-7.17423,1.78780,1,35.00000
1740907626.616,3.56827,0.02727,0.52405,-2.15090,-4.71001,0.01611,0.54212,-2.30384,-5.65627,1.21020,1,24.00000
1740907626.628,3.57982,0.03138,0.57907,-2.19800,-4.70998,0.02491,0.41546,-2.33211,-4.48971,1.51655,1,30.00000
1740907626.638,3.58968,0.03241,0.44543,-2.22940,-3.14000,0.03164,0.32825,-2.35198,-3.61717,1.87465,1,37.00000
1740907626.650,3.60174,0.03462,0.51401,-2.27650,-4.71001,0.04014,0.25705,-2.36886,-2.75136,2.63750,1,52.00000
1740907626.660,3.61161,0.03645,0.50432,-2.30790,-3.14002,0.04898,0.18652,-2.38027,-1.83845,3.30000,1,66.00000
1740907626.671,3.62327,0.03811,0.46630,-2.33930,-3.14000,0.05790,0.09466,-2.38618,-0.74300,3.30000,1,66.00000
1740907626.681,3.63250,0.04049,0.53123,-2.37070,-3.14000,0.06877,0.00370,-2.38632,0.46569,3.30000,1,66.00000
1740907626.691,3.64280,0.04475,0.53584,-2.40210,-3.14000,0.07998,-0.05989,-2.38147,1.53722,3.30000,1,66.00000
1740907626.703,3.65446,0.05292,-0.67481,-2.38640,1.56999,0.06987,-0.25568,-2.36358,2.67653,3.30000,1,66.00000
1740907626.712,3.66419,0.04589,-1.14939,-2.37070,1.57001,0.05270,-0.48050,-2.33622,3.76216,0.59114,1,11.00000
1740907626.724,3.67564,0.03822,-0.67377,-2.32360,4.71001,0.04590,-0.61720,-2.29794,4.73380,-1.25040,2,25.00000
1740907626.735,3.68671,0.03474,-0.13675,-2.29220,3.14000,0.04773,-0.53197,-2.25814,4.56761,0.38818,1,7.00000
1740907626.747,3.69842,0.03490,-0.26652,-2.27650,1.57001,0.04512,-0.38305,-2.22579,3.73063,1.41245,1,28.00000
1740907626.756,3.70797,0.03429,-0.38402,-2.26080,1.56999,0.04046,-0.35370,-2.19988,3.55784,1.22980,1,24.00000
1740907626.766,3.71764,0.03225,-0.32339,-2.24510,1.57001,0.03739,-0.37266,-2.17548,3.75530,0.91253,1,18.00000
1740907626.777,3.72852,0.03153,-0.17202,-2.21370,3.14000,0.03708,-0.36178,-2.14880,3.86824,1.20890,1,24.00000
1740907626.787,3.73925,0.03206,-0.27357,-2.21370,0.00000,0.03447,-0.34628,-2.12585,3.82708,1.16689,1,23.00000
1740907626.798,3.75003,0.03062,-0.29966,-2.19800,1.57001,0.03147,-0.35169,-2.10362,3.89731,0.90594,1,18.00000
1740907626.810,3.76161,0.02917,-0.21921,-2.18230,1.56999,0.02990,-0.34446,-2.08201,3.93076,0.92618,1,18.00000
1740907626.819,3.77121,0.02876,-0.17185,-2.18230,0.00000,0.02881,-0.31819,-2.06402,3.83163,1.11707,1,22.00000
1740907626.830,3.78173,0.02811,-0.20201,-2.18230,0.00000,0.02691,-0.30015,-2.04940,3.73090,1.10166,1,22.00000
1740907626.841,3.79286,0.02683,-0.19850,-2.18230,0.00000,0.02502,-0.29390,-2.03749,3.69073,0.97895,1,19.00000
1740907626.851,3.80299,0.02559,-0.11037,-2.16660,1.57001,0.02470,-0.27837,-2.02532,3.64901,1.14343,1,22.00000
1740907626.863,3.81444,0.02504,-0.08641,-2.16660,0.00000,0.02452,-0.25516,-2.01570,3.54512,1.36080,1,27.00000
1740907626.872,3.82413,0.02435,-0.09834,-2.16660,0.00000,0.02402,-0.24472,-2.00807,3.50039,1.42449,1,28.00000
1740907626.882,3.83358,0.02388,-0.05431,-2.16660,0.00000,0.02435,-0.24077,-2.00169,3.52520,1.55115,1,31.00000
1740907626.892,3.84425,0.02321,-0.04504,-2.16660,0.00000,0.02482,-0.23860,-1.99598,3.56294,1.67854,1,33.00000
1740907626.904,3.85620,0.02249,-0.00339,-2.16660,0.00000,0.02605,-0.23689,-1.99071,3.63287,1.91052,1,38.00000
1740907626.914,3.86613,0.02206,0.04043,-2.16660,0.00000,0.02809,-0.23483,-1.98556,3.73305,2.26048,1,45.00000
1740907626.926,3.87805,0.02180,0.04803,-2.16660,0.00000,0.03034,-0.24155,-1.98003,3.90319,2.58312,1,51.00000
1740907626.936,3.88796,0.02137,0.05494,-2.16660,0.00000,0.03293,-0.26109,-1.97347,4.17987,2.87361,1,57.00000
1740907626.948,3.89966,0.02119,0.11146,-2.16660,0.00000,0.03681,-0.28330,-1.96530,4.53767,3.30000,1,66.00000
1740907626.957,3.90901,0.02136,0.10020,-2.16660,0.00000,0.04072,-0.31352,-1.95504,4.96362,3.30000,1,66.00000
1740907626.968,3.91938,0.02241,0.00159,-2.16660,0.00000,0.04324,-0.36755,-1.94211,5.50799,3.30000,1,66.00000
1740907626.978,3.93014,0.02283,-0.29733,-2.13520,3.14000,0.04086,-0.44872,-1.92113,6.07040,3.11871,1,62.00000
1740907626.989,3.94112,0.02122,-0.51195,-2.10380,3.14000,0.03526,-0.54336,-1.89377,6.61957,1.84411,1,36.00000
1740907627.002,3.95352,0.01821,-0.46115,-2.07240,3.14000,0.03116,-0.60879,-1.86184,7.05416,1.01946,1,20.00000
1740907627.011,3.96300,0.01457,-0.34929,-2.04100,3.14000,0.02864,-0.58815,-1.82864,6.97523,1.02590,1,20.00000
1740907627.022,3.97336,0.01269,-0.21371,-1.99390,4.71002,0.02791,-0.51589,-1.79520,6.61205,1.63970,1,32.00000
1740907627.031,3.98323,0.01192,-0.22829,-1.97820,1.56999,0.02630,-0.45608,-1.76761,6.25521,1.98383,1,39.00000
1740907627.043,3.99533,0.01130,-0.20765,-1.94680,3.14000,0.02512,-0.43509,-1.74120,6.16114,2.09797,1,41.00000
1740907627.053,4.00454,0.01073,-0.18702,-1.93110,1.57001,0.02434,-0.43097,-1.71685,6.18145,2.13124,1,42.00000
1740907627.062,4.01411,0.00991,-0.19440,-1.91540,1.57000,0.02342,-0.43348,-1.69344,6.23253,2.08816,1,41.00000
1740907627.073,4.02471,0.00834,-0.28002,-1.88400,3.14000,0.02107,-0.44881,-1.66803,6.31539,1.75471,1,35.00000
1740907627.085,4.03642,0.00729,-0.25314,-1.86830,1.57001,0.01923,-0.45593,-1.64373,6.35600,1.54189,1,30.00000
1740907627.094,4.04633,0.00671,-0.21795,-1.85260,1.56999,0.01780,-0.44144,-1.62095,6.25766,1.52578,1,30.00000
1740907627.105,4.05641,0.00652,-0.23854,-1.83690,1.57001,0.01573,-0.42191,-1.60028,6.08409,1.43220,1,28.00000
1740907627.116,4.06811,0.00558,-0.30009,-1.82120,1.56999,0.01242,-0.41359,-1.58164,5.91981,1.05986,1,21.00000
1740907627.127,4.07877,0.00404,-0.26391,-1.80550,1.57001,0.00965,-0.39963,-1.56497,5.72733,0.78951,1,15.00000
1740907627.138,4.08989,0.00250,-0.20019,-1.78980,1.56999,0.00770,-0.36391,-1.55065,5.40727,0.76920,1,15.00000
1740907627.148,4.09950,0.00142,-0.18536,-1.77410,1.57001,0.00562,-0.32106,-1.53908,5.01599,0.75551,1,15.00000
1740907627.158,4.10981,0.00001,-0.17027,-1.77410,0.00000,0.00346,-0.28355,-1.53261,4.62973,0.65520,1,13.00000
1740907627.170,4.12171,-0.00142,-0.11586,-1.77410,0.00000,0.00201,-0.24688,-1.53030,4.25689,0.62221,1,12.00000
1740907627.180,4.13152,-0.00244,-0.08053,-1.75840,1.57000,0.00098,-0.21029,-1.52898,3.89588,0.64189,1,12.00000
1740907627.190,4.14214,-0.00330,-0.04840,-1.75840,0.00000,0.00027,-0.17544,-1.53103,3.54311,0.67156,1,13.00000
1740907627.202,4.15337,-0.00407,-0.04397,-1.75840,0.00000,-0.00055,-0.14863,-1.53557,3.22865,0.61369,1,12.00000
1740907627.211,4.16323,-0.00451,-0.00584,-1.75840,0.00000,-0.00080,-0.12497,-1.54196,2.95213,0.60678,1,12.00000
1740907627.222,4.17395,-0.00482,-0.01987,-1.75840,0.00000,-0.00145,-0.10592,-1.54967,2.68623,0.50431,1,10.00000
1740907627.234,4.18570,-0.00538,-0.01540,-1.75840,0.00000,-0.00208,-0.09120,-1.55836,2.44803,0.37047,1,7.00000
1740907627.244,4.19552,-0.00561,0.01429,-1.75840,0.00000,-0.00227,-0.07230,-1.56788,2.19890,0.32735,1,6.00000
1740907627.256,4.20784,-0.00618,-0.01490,-1.75840,0.00000,-0.00314,-0.05555,-1.57810,1.93568,0.17032,1,3.00000
1740907627.265,4.21668,-0.00660,-0.00506,-1.75840,0.00000,-0.00388,-0.04061,-1.58898,1.68913,-0.32288,2,6.00000
1740907627.275,4.22733,-0.00745,0.03477,-1.75840,0.00000,-0.00404,-0.01783,-1.60052,1.41407,-0.33692,2,6.00000
1740907627.286,4.23822,-0.00802,0.06564,-1.75840,0.00000,-0.00406,0.02693,-1.61330,0.99262,-0.18368,2,3.00000
1740907627.298,4.25020,-0.00835,0.07793,-1.75840,0.00000,-0.00409,0.06416,-1.62756,0.61542,0.24733,1,4.00000
1740907627.308,4.26033,-0.00845,0.07878,-1.75840,0.00000,-0.00415,0.08553,-1.64246,0.34243,0.22107,1,4.00000
1740907627.319,4.27042,-0.00848,0.07968,-1.75840,0.00000,-0.00393,0.08035,-1.65669,0.26642,-0.28155,2,5.00000
1740907627.330,4.28191,-0.00839,0.07626,-1.75840,0.00000,-0.00365,0.07534,-1.66945,0.20361,-0.41946,2,8.00000
1740907627.340,4.29144,-0.00815,0.08306,-1.75840,0.00000,-0.00349,0.09508,-1.68156,-0.02322,-0.39128,2,7.00000
1740907627.350,4.30144,-0.00781,0.06969,-1.75840,0.00000,-0.00372,0.11493,-1.69384,-0.26564,-0.41716,2,8.00000
1740907627.361,4.31302,-0.00758,0.07332,-1.75840,0.00000,-0.00391,0.12866,-1.70618,-0.46356,-0.47809,2,9.00000
1740907627.371,4.32262,-0.00743,0.07795,-1.75840,0.00000,-0.00404,0.14015,-1.71830,-0.64051,-0.54161,2,10.00000
1740907627.381,4.33334,-0.00736,0.05911,-1.75840,0.00000,-0.00454,0.14866,-1.73009,-0.80882,-0.67476,2,13.00000
1740907627.392,4.34432,-0.00761,0.09596,-1.75840,0.00000,-0.00440,0.16158,-1.74162,-0.97653,-0.67903,2,13.00000
1740907627.403,4.35488,-0.00756,0.07330,-1.75840,0.00000,-0.00477,0.17457,-1.75291,-1.16279,-0.75286,2,15.00000
1740907627.415,4.36647,-0.00750,0.06773,-1.75840,0.00000,-0.00524,0.18319,-1.76401,-1.32133,-0.86939,2,17.00000
1740907627.424,4.37581,-0.00747,0.09213,-1.75840,0.00000,-0.00531,0.19529,-1.77486,-1.48326,-0.89829,2,17.00000
1740907627.435,4.38636,-0.00713,0.08461,-1.75840,0.00000,-0.00560,0.20867,-1.78555,-1.66056,-0.94742,2,18.00000
1740907627.446,4.39835,-0.00679,0.04997,-1.75840,0.00000,-0.00654,0.21533,-1.79602,-1.81746,-1.13506,2,22.00000
1740907627.456,4.40802,-0.00666,0.05200,-1.75840,0.00000,-0.00744,0.22162,-1.80627,-1.96741,-1.31565,2,26.00000
1740907627.467,4.41896,-0.00658,0.05559,-1.75840,0.00000,-0.00836,0.23459,-1.81647,-2.16185,-1.45143,2,29.00000
1740907627.478,4.42989,-0.00656,0.06658,-1.75840,0.00000,-0.00922,0.25361,-1.82699,-2.39513,-1.53675,2,30.00000
1740907627.488,4.44015,-0.00673,0.07954,-1.75840,0.00000,-0.00999,0.27568,-1.83801,-2.64737,-1.59066,2,31.00000
1740907627.500,4.45210,-0.00668,0.07928,-1.75840,0.00000,-0.01089,0.29617,-1.84952,-2.89652,-1.67723,2,33.00000
1740907627.510,4.46148,-0.00648,0.08177,-1.75840,0.00000,-0.01182,0.31407,-1.86138,-3.13120,-1.78976,2,35.00000
1740907627.520,4.47224,-0.00621,0.09391,-1.75840,0.00000,-0.01263,0.33257,-1.87349,-3.36518,-1.88022,2,37.00000
1740907627.531,4.48325,-0.00582,0.09599,-1.75840,0.00000,-0.01351,0.35163,-1.88582,-3.60656,-1.97802,2,39.00000
1740907627.542,4.49394,-0.00551,0.08734,-1.75840,0.00000,-0.01464,0.36869,-1.89835,-3.84532,-2.12697,2,42.00000
1740907627.553,4.50512,-0.00545,0.11954,-1.75840,0.00000,-0.01528,0.38936,-1.91111,-4.08848,-2.18007,2,43.00000
1740907627.563,4.51504,-0.00525,0.12298,-1.75840,0.00000,-0.01600,0.41222,-1.92413,-4.35078,-2.23189,2,44.00000
1740907627.575,4.52674,-0.00502,0.11632,-1.75840,0.00000,-0.01694,0.43086,-1.93736,-4.59435,-2.34503,2,46.00000
1740907627.585,4.53666,-0.00419,0.18945,-1.75840,0.00000,-0.01663,0.45581,-1.95076,-4.82851,-2.23308,2,44.00000
1740907627.595,4.54722,-0.00447,0.21793,-1.75840,0.00000,-0.01598,0.48415,-1.96423,-5.07098,-2.04765,2,40.00000
1740907627.607,4.55893,-0.00375,0.23043,-1.75840,0.00000,-0.01513,0.50261,-1.97747,-5.23717,-1.90122,2,38.00000
1740907627.616,4.56820,-0.00319,0.21442,-1.77410,-1.57000,-0.01459,0.50731,-1.99229,-5.32823,-1.90216,2,38.00000
1740907627.627,4.57867,-0.00181,0.20611,-1.77410,0.00000,-0.01403,0.50147,-2.00520,-5.33525,-1.95673,2,39.00000
1740907627.639,4.59042,-0.00042,0.17017,-1.77410,0.00000,-0.01399,0.49140,-2.01617,-5.32317,-2.10025,2,42.00000
1740907627.648,4.60014,0.00026,0.10055,-1.77410,0.00000,-0.01509,0.47608,-2.02537,-5.31213,-2.43107,2,48.00000
1740907627.659,4.61083,0.00132,0.09560,-1.77410,0.00000,-0.01619,0.46825,-2.03333,-5.34367,-2.69912,2,53.00000
1740907627.671,4.62294,0.00235,0.05657,-1.77410,0.00000,-0.01810,0.47155,-2.04078,-5.48012,-3.00149,2,60.00000
1740907627.680,4.63177,0.00278,0.01948,-1.77410,0.00000,-0.02080,0.48065,-2.04853,-5.69063,-3.30000,2,66.00000
1740907627.690,4.64213,0.00310,-0.01229,-1.77410,0.00000,-0.02425,0.49626,-2.05720,-5.98181,-3.30000,2,66.00000
1740907627.700,4.65207,0.00309,-0.03567,-1.77410,0.00000,-0.02831,0.51745,-2.06730,-6.34539,-3.30000,2,66.00000
